taxa,Neighbourhood,Neighbourhood.low,Neighbourhood.high,D,sigma2,sigma
AA1,678062.63942663,5325806.1939126,363043.612429161,0.241428558928572,223496.800191343,472.754481936811
