taxa,Neighbourhood,Neighbourhood.low,Neighbourhood.high,D,sigma2,sigma
AA1,79.0351390228095,102.044356640945,63.0863083784926,0.249999987500001,25.1576673647539,5.01574195555891
