taxa,Neighbourhood,Neighbourhood.low,Neighbourhood.high,D,sigma2,sigma
AA1,32.9522949625827,46.2928671950226,25.0700708480202,0.249999987500001,10.4890417834865,3.23867901828607
