taxa,Neighbourhood,Neighbourhood.low,Neighbourhood.high,D,sigma2,sigma
AA1,32.9522949625827,46.2928671950226,25.0700708480202,0.241428558928572,10.8614338187489,3.29566894859737
