taxa,Neighbourhood,Neighbourhood.low,Neighbourhood.high,D,sigma2,sigma
AA2,581.831722629181,-6184.94213986628,274.393590165734,1.16883121615227,39.6128172418878,6.29387140334848
