taxa,Neighbourhood,Neighbourhood.low,Neighbourhood.high,D,sigma2,sigma
AA2,581.831722629181,-6184.94213986628,274.393590165734,1.13532472264578,40.7818982785415,6.38607064465634
