taxa,Neighbourhood,Neighbourhood.low,Neighbourhood.high,D,sigma2,sigma
AH1,339338.493540692,-655372.415375037,130748.864119243,0.362142828359076,74566.4340131683,273.068551856797
