taxa,Neighbourhood,Neighbourhood.low,Neighbourhood.high,D,sigma2,sigma
AH2,77.4185556794252,130.429962370956,50.6975989617132,0.310714299030613,19.8277740384933,4.45283887407722
