taxa,Neighbourhood,Neighbourhood.low,Neighbourhood.high,D,sigma2,sigma
AH3,6.65229770362683,9.5203640587216,4.96393699771162,0.182142852939561,2.90636180713166,1.70480550419444
