taxa,Neighbourhood,Neighbourhood.low,Neighbourhood.high,D,sigma2,sigma
AH3,18110.9877551612,129532.839813214,10259.7565154584,0.162857138653846,8849.63732427278,94.0725109916429
