taxa,Neighbourhood,Neighbourhood.low,Neighbourhood.high,D,sigma2,sigma
AL1,1914003.80886758,-1687367.85800462,609744.943690054,0.2451428472,621317.674077317,788.2370671805
