taxa,Neighbourhood,Neighbourhood.low,Neighbourhood.high,D,sigma2,sigma
AL1,97.4905921578568,-347.016181364537,42.0593962794258,0.2451428472,31.6470780691798,5.62557357690572
