taxa,Neighbourhood,Neighbourhood.low,Neighbourhood.high,D,sigma2,sigma
AL2,327.384752382543,-296.027897669076,103.336850230803,0.374693885627443,69.5299598328722,8.33846267802838
