,Df,Variance,F,Pr(>F)
PC1xy,1,0.000267261271190225,1.93716152681473,0.168
Residual,18,0.0024833772583406,NA,NA
