,Df,Variance,F,Pr(>F)
PC1xy,1,2.37565937145258,6.19108434520361,0.012
Residual,11,4.22094929238426,NA,NA
