,Df,Variance,F,Pr(>F)
PC1xy,1,0.00225620904266802,26.0249357513437,0.001
Residual,28,0.00242743551024686,NA,NA
