,Df,Variance,F,Pr(>F)
PC1xy,1,0.108444578191704,7.66877383761375,0.002
Residual,19,0.268680108355303,NA,NA
