,Df,Variance,F,Pr(>F)
Model,1,0.000738413932276016,141.198875306683,0.001
Residual,245,0.00128125251008328,NA,NA
