,Df,Variance,F,Pr(>F)
Model,1,0.00225620904266803,26.0249357513437,0.001
Residual,28,0.00242743551024686,NA,NA
