,Df,Variance,F,Pr(>F)
PC1xy,1,0.000738413932276017,141.198875306683,0.001
Residual,245,0.00128125251008328,NA,NA
