,Df,Variance,F,Pr(>F)
Model,2,0.17460372004604,11.8242272277647,0.001
Residual,34,0.251032324024765,NA,NA
