,Df,Variance,F,Pr(>F)
Model,2,0.182817009344841,12.7991990511359,0.001
Residual,34,0.242819034725964,NA,NA
