,Df,Variance,F,Pr(>F)
PC1xy,1,3.56109082193313e-07,0.00781774670154403,0.991
Residual,45,0.0020498117054028,NA,NA
