,Df,Variance,F,Pr(>F)
Model,1,3.56109082193313e-07,0.00781774670154403,0.992
Residual,45,0.0020498117054028,NA,NA
