,Df,Variance,F,Pr(>F)
PC1xy,1,0.149613199533373,20.2637202356173,0.001
taxa.geodist$z,1,0.0249905205126666,3.38473421991202,0.034
Residual,34,0.251032324024765,NA,NA
