,Df,Variance,F,Pr(>F)
PC1xy,1,0.149613199533373,20.9491351856971,0.001
PC2xy,1,0.0332038098114681,4.64926291657482,0.016
Residual,34,0.242819034725964,NA,NA
