,Df,Variance,F,Pr(>F)
Model,1,2.37565937145258,6.19108434520361,0.01
Residual,11,4.22094929238426,NA,NA
