,Df,Variance,F,Pr(>F)
Model,7,0.241703836269169,5.44409528114628,0.001
Residual,29,0.183932207801636,NA,NA
