,Df,Variance,F,Pr(>F)
PC1xy,1,0.108444578191704,7.18207451160746,0.002
PC2xy,1,0.0226599270225272,1.50072310683604,0.247
taxa.geodist$z,1,0.00806452170596758,0.53409766314316,0.635
PC1xy:PC2xy,1,0.0183584851495001,1.21584693732559,0.315
PC1xy:taxa.geodist$z,1,0.00485006756324713,0.321210587070512,0.726
PC2xy:taxa.geodist$z,1,0.0042065165782047,0.278589450968876,0.77
PC1xy:PC2xy:taxa.geodist$z,1,0.0142491825798233,0.943695781977037,0.416
Residual,13,0.196291407756033,NA,NA
