,Df,Variance,F,Pr(>F)
Model,7,0.000795800920167043,22.2009008659281,0.001
Residual,239,0.00122386552219226,NA,NA
