,Df,Variance,F,Pr(>F)
Model,7,0.0025681563384575,3.81535970615902,0.002
Residual,22,0.00211548821445739,NA,NA
