,Df,Variance,F,Pr(>F)
Model,7,0.000874891725576971,0.799582536162101,0.702
Residual,12,0.00187574680395386,NA,NA
