,Df,Variance,F,Pr(>F)
Model,7,0.180833278790974,1.71089114841838,0.111
Residual,13,0.196291407756033,NA,NA
