,Df,Variance,F,Pr(>F)
Model,7,5.89292576047176,5.98171799531052,0.011
Residual,5,0.703682903365081,NA,NA
