,Df,Variance,F,Pr(>F)
PC1xy,1,2.37565937145258,16.8801839585128,0.005
PC2xy,1,0.297174985959542,2.1115688937334,0.163
taxa.geodist$z,1,0.0679408653433482,0.482751996804585,0.641
PC1xy:PC2xy,1,1.41718212673612,10.0697495985693,0.014
PC1xy:taxa.geodist$z,1,0.943849145202975,6.7064947911154,0.024
PC2xy:taxa.geodist$z,1,0.209379035728017,1.487737123687,0.273
PC1xy:PC2xy:taxa.geodist$z,1,0.581740230049176,4.13353960475121,0.066
Residual,5,0.703682903365081,NA,NA
