,Df,Variance,F,Pr(>F)
Model,7,0.000188472546714031,0.564035022203025,0.831
Residual,39,0.00186169526777096,NA,NA
