{
  "scale": 0.18456881059341612,
  "d": {
    "cur_kal_20m_20200214/cur_kal_20m_20200214": {
      "c": {
        "a": [ 1, 	1, 	1 ],
        "b": [ 1, 	1, 	1 ],
        "s": 1,
        "n": "Y:\\focal_plots\\cur_kal\\cur_kal_20m\\cur_kal_20m_20200214\\cur_kal_20m_20200214.vis\\cur_kal_20m_20200214/cur_kal_20m_20200214-1.xml",
        "scaler": {
          "m": {
            "A": {
              "lbl": "A¨s",
              "p": [ -3.13304, 	-91.1633, 	26.4606 ]
            },
            "B": {
              "lbl": "B¨s",
              "p": [ -5.507322788238525, 	-90.31066131591797, 	27.348756790161133 ]
            },
            "C": {
              "lbl": "C¨s",
              "p": [ -7.82564, 	41.787, 	-20.3684 ]
            },
            "D": {
              "lbl": "D¨s",
              "p": [ -10.3341, 	40.947, 	-20.8519 ]
            }
          },
          "s": [ {
              "n": "A¨sB¨s",
              "wn": "A<sub>s</sub>B<sub>s</sub>",
              "d": 0.49,
              "w": 1,
              "ab": [ "A", 	"B" ]
            }, 	{
              "n": "C¨sD¨s",
              "wn": "C<sub>s</sub>D<sub>s</sub>",
              "d": 0.4999927345305947,
              "w": 1,
              "ab": [ "C", 	"D" ]
            } ],
          "scale": 0.18456881059341612
        },
        "ortho": {
          "vecs": {
            "r": [ 0.184989758927188, 	-0.9365742917057571, 	0.29766992660986125 ],
            "u": [ 0.9714908287971294, 	0.1285815790432073, 	-0.1991791833847658 ],
            "n": [ 0.14827123340394652, 	0.32602971282785675, 	0.9336596101889905 ],
            "c": [ -25.039794715756553, 	7.621143266861292, 	-75.30017230700827, 	1 ],
            "cc": [ -3.8901825000000008, 	-26.890825, 	1.9289260000000013, 	null ],
            "cam": {
              "up": [ 0.9714908287971294, 	0.1285815790432073, 	-0.1991791833847658 ],
              "eye": [ 8.393084222839153, 	0.11852691740725163, 	79.27629647104213 ],
              "target": [ -3.8901825000000088, 	-26.890825, 	1.92892599999999 ]
            }
          },
          "dd": [ -0.14827123340394652, 	-0.32602971282785675, 	-0.9336596101889905, 	-8.595071904747892 ],
          "ref": [ 
            [ -1.9269347221689834, 	7.085350353574406, 	-3.163814595254398, 	10, 	9.524672053347622, 	0.4753279466523779 ], 	
            [ -0.6689391595263314, 	-16.81974470349442, 	5.0128576232111905, 	10, 	9.49769018010094, 	0.5023098198990592 ], 	
            [ 2.0577786130921405, 	-4.433885046791781, 	-0.4988104380358966, 	10, 	10.201259959364505, 	-0.20125995936450458 ], 	
            [ -2.3601630357451597, 	-5.865885290170576, 	0.08685315039422244, 	10, 	10.776377807186936, 	-0.776377807186936 ] ],
          "scale_factor": 0.18625464900093594,
          "thick": 162.56980502725196
        },
        "ex": [ 0, 	0 ]
      },
      "m": [ 
        [ 1, 	0, 	0, 	0 ], 	
        [ 0, 	1, 	0, 	0 ], 	
        [ 0, 	0, 	1, 	0 ], 	
        [ 0, 	0, 	0, 	1 ] ]
    },
    "cur_kal_20m_20190308": {
      "c": {
        "a": [ 1, 	1, 	1 ],
        "b": [ 1, 	1, 	1 ],
        "s": 0.9999999999999998,
        "n": "Y:/focal_plots/cur_kal/cur_kal_20m/cur_kal_20m_20190308/cur_kal_20m_20190308.vis/cur_kal_20m_20190308/cur_kal_20m_20190308-1.xml",
        "scaler": {
          "m": {
            "A": {
              "lbl": "A¨s",
              "p": [ -73.14, 	5.66434, 	0.244246 ]
            },
            "B": {
              "lbl": "B¨s",
              "p": [ -72.8026, 	8.49815, 	-0.509987 ]
            },
            "C": {
              "lbl": "C¨s",
              "p": [ 76.8835, 	6.66238, 	-2.83628 ]
            },
            "D": {
              "lbl": "D¨s",
              "p": [ 78.1918, 	4.26676, 	-1.85342 ]
            }
          },
          "s": [ {
              "n": "A¨sB¨s",
              "wn": "A<sub>s</sub>B<sub>s</sub>",
              "d": 0.5000105112606748,
              "w": 1,
              "ab": [ "A", 	"B" ]
            }, 	{
              "n": "C¨sD¨s",
              "wn": "C<sub>s</sub>D<sub>s</sub>",
              "d": 0.5000443820694861,
              "w": 1,
              "ab": [ "C", 	"D" ]
            } ],
          "scale": 0.1708760064608957
        },
        "ortho": {
          "vecs": {
            "r": [ -0.9998572263756215, 	-0.01268534464632501, 	-0.011162835466542684 ],
            "u": [ -0.015181557820816512, 	0.7970447656084724, 	0.45406050816403765, 	0 ],
            "n": [ 0.0034197248042191295, 	0.4950394866223581, 	-0.868863747757343 ],
            "c": [ 1.1920895945161591, 	-3.6002635012038695, 	-545.9597613963642, 	1 ],
            "cc": [ 1.1502925000000022, 	5.74137, 	-2.76542025, 	null ],
            "cam": {
              "up": [ -0.016547880429606636, 	0.8687778707563149, 	0.4949254276529054 ],
              "eye": [ 2.999374803783872, 	273.41459132421454, 	-472.56947535854835 ],
              "target": [ 1.1502925000000097, 	5.74137000000087, 	-2.7654202500015685 ]
            }
          },
          "dd": [ 0.0034197248042191295, 	0.4950394866223581, 	-0.868863747757343, 	-9.103086888805485 ],
          "ref": [ 
            [ -0.4880184569321889, 	2.673508909486528, 	-0.3696492297365973, 	10, 	10.746085293120464, 	-0.7460852931204638 ], 	
            [ 12.635289596945764, 	1.932180443056578, 	0.6478165718942248, 	10, 	9.539937382125812, 	0.460062617874188 ], 	
            [ -12.451837116409346, 	0.6856331408840856, 	-0.13886597504658257, 	10, 	9.520576122149887, 	0.4794238778501132 ], 	
            [ 1.0907955310434507, 	-1.3670729845696208, 	-2.029477241135412, 	10, 	10.193401202603834, 	-0.19340120260383387 ] ],
          "scale_factor": 0.1708760064608957,
          "thick": 238.5139660846314,
          "outer_scale": 0.1708760064608957
        },
        "ex": [ 1, 	0 ]
      },
      "m": [ 
        [ 0.008875422712470974, 	-0.8574136886660589, 	-0.33010420671398943, 	0.06591092130579486 ], 	
        [ 0.8658751910568183, 	-0.10258254923187819, 	0.2897287835819813, 	-26.596783535928108 ], 	
        [ -0.30722495718034915, 	-0.31388593630760186, 	0.8070280283883138, 	6.3653664344667344 ], 	
        [ 0, 	0, 	0, 	1 ] ]
    },
    "cur_kal_20m_20201209": {
      "c": {
        "a": [ 1, 	1, 	1 ],
        "b": [ 1, 	1, 	1 ],
        "s": 0.5714285714285161,
        "n": "Y:/focal_plots/cur_kal/cur_kal_20m/cur_kal_20m_20201209/cur_kal_20m_20201209.vis/cur_kal_20m_20201209/cur_kal_20m_20201209-1.xml",
        "scaler": {
          "m": {
            "A": {
              "lbl": "A¨s",
              "p": [ -13.116, 	60.5873, 	8.60034 ]
            },
            "B": {
              "lbl": "B¨s",
              "p": [ -7.16165, 	61.9004, 	10.715 ]
            },
            "C": {
              "lbl": "C¨s",
              "p": [ -48.4196, 	-275.367, 	-9.44966 ]
            },
            "D": {
              "lbl": "D¨s",
              "p": [ -54.2497, 	-272.751, 	-8.86727 ]
            }
          },
          "s": [ {
              "n": "A¨sB¨s",
              "wn": "A<sub>s</sub>B<sub>s</sub>",
              "d": 0.5000045522784817,
              "w": 1,
              "ab": [ "A", 	"B" ]
            }, 	{
              "n": "C¨sD¨s",
              "wn": "C<sub>s</sub>D<sub>s</sub>",
              "d": 0.4990295206032318,
              "w": 1,
              "ab": [ "C", 	"D" ]
            } ],
          "scale": 0.07762364116950651
        },
        "ortho": {
          "vecs": {
            "r": [ -0.3366403453056593, 	-0.9380729211220564, 	0.0818075336996441 ],
            "u": [ 0.32006297595909167, 	-0.13494329514123768, 	-0.23030324299622618, 	0 ],
            "n": [ 0.5448703440160795, 	-0.12320208014011624, 	0.8294200116110942 ],
            "c": [ -108.58873947078581, 	-27.254666810035246, 	-440.5003308479821, 	1 ],
            "cc": [ -20.579168155860902, 	-109.56862380218506, 	-13.719980862236023, 	null ],
            "cam": {
              "up": [ 0.7679775948061803, 	-0.32379073814221476, 	-0.5526029060446878 ],