{
  "scale": 0.0877902928191972,
  "d": {
    "cur_kal_10m_20200214/cur_kal_10m_20200214": {
      "c": {
        "a": [ 1, 	1, 	1 ],
        "b": [ 1, 	1, 	1 ],
        "s": 1,
        "n": "Y:\\focal_plots\\cur_kal\\cur_kal_10m\\cur_kal_10m_20200214\\cur_kal_10m_20200214.vis\\cur_kal_10m_20200214/cur_kal_10m_20200214-1.xml",
        "ex": [ 0, 	0 ],
        "scaler": {
          "m": {
            "A": {
              "lbl": "A¨s",
              "p": [ -46.9296, 	248.975, 	-101.957 ]
            },
            "B": {
              "lbl": "B¨s",
              "p": [ -42.0488, 	246.767, 	-100.14 ]
            },
            "C": {
              "lbl": "C¨s",
              "p": [ -1.46017, 	-51.0534, 	8.52238 ]
            },
            "D": {
              "lbl": "D¨s",
              "p": [ 4.01821, 	-49.8648, 	8.12565 ]
            }
          },
          "s": [ {
              "n": "A¨sB¨s",
              "wn": "A<sub>s</sub>B<sub>s</sub>",
              "d": 0.5,
              "w": 1,
              "ab": [ "A", 	"B" ]
            }, 	{
              "n": "C¨sD¨s",
              "wn": "C<sub>s</sub>D<sub>s</sub>",
              "d": 0.49,
              "w": 1,
              "ab": [ "C", 	"D" ]
            } ],
          "scale": 0.0877902928191972
        },
        "ortho": {
          "vecs": {
            "r": [ -0.08928462471873722, 	0.9663978573260293, 	-0.2410465455975132 ],
            "u": [ -0.9044242640658987, 	-0.18003444593679166, 	-0.38678721391107257 ],
            "n": [ -0.41718701604639097, 	0.1834741933676019, 	0.8901079788488676 ],
            "c": [ -93.70751912890535, 	-16.597872520802582, 	-275.47162326081883, 	1 ],
            "cc": [ -17.0453203, 	84.78544499999998, 	-42.51943, 	null ],
            "cam": {
              "up": [ -0.9044242640658987, 	-0.18003444593679166, 	-0.38678721391107257 ],
              "eye": [ -138.30134383207127, 	138.1124907919425, 	216.19177115919624 ],
              "target": [ -17.0453203, 	84.78544500000001, 	-42.51943000000003 ]
            }
          },
          "dd": [ 0.41718701604639097, 	-0.1834741933676019, 	-0.8901079788488676, 	-8.987355956870442 ],
          "ref": [ 
            [ -0.6500599033353813, 	-3.0886644190528414, 	-1.3644718471130906, 	10.2, 	10.497376896445495, 	-0.2973768964454955 ], 	
            [ -0.06514768386614832, 	-0.688344372130905, 	-1.226307484274238, 	10.399999999999999, 	10.178016693746418, 	0.22198330625358054 ], 	
            [ -0.3301977272544927, 	0.17117175713301436, 	-1.5754231417283395, 	10.299999999999999, 	10.22049286078009, 	0.07950713921990982 ], 	
            [ 0.35704136508981865, 	0.8547043433144991, 	-1.5688739858840277, 	10.399999999999999, 	10.375960041263777, 	0.024039958736221223 ], 	
            [ -1.1857834851088966, 	10.025300278781044, 	-4.589922321407523, 	10.799999999999997, 	10.738805081704777, 	0.061194918295219836 ], 	
            [ -1.356658511052182, 	10.94981985246001, 	-4.777811106099169, 	10.399999999999999, 	10.66513406287159, 	-0.26513406287159214 ], 	
            [ -2.0453558001602206, 	12.54417936034945, 	-4.514097845499583, 	9.899999999999997, 	9.850561393833447, 	0.04943860616655016 ], 	
            [ -1.0956579705007088, 	11.48016101138078, 	-4.409337689078435, 	10.300000000000002, 	10.348735054744267, 	-0.04873505474426487 ], 	
            [ -4.669486663789562, 	19.797413353071523, 	-8.627819281567936, 	10.999999999999998, 	11.086683086005593, 	-0.08668308600559449 ], 	
            [ -3.92283022336229, 	12.38764926825282, 	-4.67386739940124, 	9.500000000000004, 	9.238234828604531, 	0.2617651713954725 ] ],
          "scale_factor": 0.0877902928191972,
          "thick": 286.26952516250435
        }
      },
      "m": [ 
        [ 1, 	0, 	0, 	0 ], 	
        [ 0, 	1, 	0, 	0 ], 	
        [ 0, 	0, 	1, 	0 ], 	
        [ 0, 	0, 	0, 	1 ] ]
    },
    "cur_kal_10m_20201209": {
      "c": {
        "a": [ 1, 	1, 	1 ],
        "b": [ 1, 	1, 	1 ],
        "s": 1.0000000000000002,
        "n": "Y:/focal_plots/cur_kal/cur_kal_10m/cur_kal_10m_20201209/cur_kal_10m_20201209.vis/cur_kal_10m_20201209/cur_kal_10m_20201209-1.xml",
        "ex": [ 2, 	0 ],
        "scaler": {
          "m": {
            "A": {
              "lbl": "A¨s",
              "p": [ -51.4565, 	357.173, 	55.5493 ]
            },
            "B": {
              "lbl": "B¨s",
              "p": [ -57.4249, 	354.207, 	53.4152 ]
            },
            "C": {
              "lbl": "C¨s",
              "p": [ -14.2736, 	-16.6165, 	-1.6044 ]
            },
            "D": {
              "lbl": "D¨s",
              "p": [ -7.71556, 	-16.0938, 	0.655929 ]
            }
          },
          "s": [ {
              "n": "A¨sB¨s",
              "wn": "A<sub>s</sub>B<sub>s</sub>",
              "d": 0.5,
              "w": 1,
              "ab": [ "A", 	"B" ]
            }, 	{
              "n": "C¨sD¨s",
              "wn": "C<sub>s</sub>D<sub>s</sub>",
              "d": 0.49,
              "w": 1,
              "ab": [ "C", 	"D" ]
            } ],
          "scale": 0.07094384938323373
        },
        "ortho": {
          "vecs": {
            "r": [ -0.3845496699955272, 	-0.8359983166545945, 	-0.3914439498280894 ],
            "u": [ 0.6865574104853187, 	-0.3930318485866786, 	0.16492409246163073, 	0 ],
            "n": [ -0.3609999879853799, 	-0.254084583949668, 	0.8972848114582569 ],
            "c": [ 125.13332416879891, 	89.71301050816054, 	-330.47544630976597, 	1 ],
            "cc": [ -23.193494, 	151.697015, 	18.4801054, 	null ],
            "cam": {
              "up": [ 0.8495884650705228, 	-0.48636183932316146, 	0.20408723935931078 ],
              "eye": [ -147.40079252721745, 	64.27551688327891, 	327.2040005521717 ],
              "target": [ -23.193494000000072, 	151.69701500000002, 	18.480105400000014 ]
            }
          },
          "dd": [ 0.3609999879853799, 	0.254084583949668, 	-0.8972848114582569, 	-9.35593665272876 ],
          "ref": [ 
            [ -1.320250848252103, 	0.3200454405301132, 	-1.732108271461528, 	10.2, 	10.514839168757788, 	-0.31483916875778917 ], 	
            [ -0.6437480364959319, 	2.328937593167858, 	-0.49505540369662476, 	10.399999999999999, 	10.159496453260228, 	0.24050354673977026 ], 	
            [ -0.9076839865488455, 	3.3153054030676485, 	-0.3645698004030306, 	10.299999999999999, 	10.197753683112643, 	0.10224631688735641 ], 	
            [ -0.2755310127961093, 	3.950621763064383, 	-0.020635153694703662, 	10.399999999999999, 	10.278777657422847, 	0.12122234257715192 ], 	
            [ -1.0635547180287483, 	13.339004448734372, 	1.5306561167528976, 	10.8, 	10.987794322829979, 	-0.1877943228299781 ], 	
            [ -1.2685469708216022, 	14.32576244980577, 	2.0902541063029068, 	10.399999999999999, 	10.662393341650096, 	-0.26239334165009787 ], 	
            [ -1.932255059341507, 	15.591542610501426, 	3.1570864301731603, 	9.9, 	9.787157514589216, 	0.11284248541078412 ], 	
            [ -1.0250463965835293, 	14.633729699978387, 	2.713588050138813, 	10.299999999999999, 	10.269238696384374, 	0.030761303615625124 ], 	
            [ -4.261625409990603, 	24.13374962703783, 	3.310665675317985, 	11, 	10.978893637776302, 	0.021106362223697772 ], 	
            [ -3.756115011210371, 	15.681002804573684, 	2.920616391408966, 	9.500000000000002, 	9.363655524216504, 	0.1363444757834973 ] ],
          "scale_factor": 0.07094384938323373,
          "thick": 375.0348480577766,
          "outer_scale": 0.07094384938323373
        }
      },
      "m": [ 
        [ 0.8074352818750362, 	-0.04610385183161265, 	0.002219618169369123, 	8.238341881371204 ], 	
        [ 0.03911136698316598, 	0.7040418081599723, 	0.3960778453922289, 	-28.433756389342115 ], 	
        [ -0.024511075685004293, 	-0.3953249214053313, 	0.7051238472493702, 	4.079987301280838 ], 	
        [ 0, 	0, 	0, 	1 ] ]
    },
    "cur_kal_10m_20191113": {
      "c": {
        "a": [ 1, 	1, 	1 ],
        "b": [ 1, 	1, 	1 ],
        "s": 1.0000000000000002,