{
  "scale": 0.1737552977254973,
  "d": {
    "cur_kal_05m_20200214/cur_kal_05m_20200214": {
      "c": {
        "a": [ 1, 	1, 	1 ],
        "b": [ 1, 	1, 	1 ],
        "s": 1,
        "n": "Y:\\focal_plots\\cur_kal\\cur_kal_05m\\cur_kal_05m_20200214\\cur_kal_05m_20200214.vis\\cur_kal_05m_20200214/cur_kal_05m_20200214-1.xml",
        "ex": [ 0, 	0 ],
        "scaler": {
          "m": {
            "A": {
              "lbl": "A¨s",
              "p": [ -6.44205, 	54.2069, 	-25.2802 ]
            },
            "B": {
              "lbl": "B¨s",
              "p": [ -3.60882, 	53.8898, 	-25.4208 ]
            },
            "C": {
              "lbl": "C¨s",
              "p": [ 17.1164, 	-77.2881, 	20.6098 ]
            },
            "D": {
              "lbl": "D¨s",
              "p": [ 14.8763, 	-78.809, 	21.4773 ]
            }
          },
          "s": [ {
              "n": "A¨sB¨s",
              "wn": "A<sub>s</sub>B<sub>s</sub>",
              "d": 0.5,
              "w": 1,
              "ab": [ "A", 	"B" ]
            }, 	{
              "n": "C¨sD¨s",
              "wn": "C<sub>s</sub>D<sub>s</sub>",
              "d": 0.49,
              "w": 1,
              "ab": [ "C", 	"D" ]
            } ],
          "scale": 0.1737552977254973
        },
        "ortho": {
          "vecs": {
            "r": [ 0.8702048186313126, 	-0.41501239140003127, 	0.26553396885383945 ],
            "u": [ -0.4797016616639972, 	-0.8366181435578589, 	0.2644927176059899 ],
            "n": [ 0.11238278083249442, 	-0.35753992344104624, 	-0.927111273644176 ],
            "c": [ -32.052591908267345, 	-50.846988994068276, 	-25.0480021123186, 	1 ],
            "cc": [ 4.5453159, 	-59.164380000000016, 	13.344, 	null ],
            "cam": {
              "up": [ -0.4797016616639972, 	-0.8366181435578589, 	0.2644927176059899 ],
              "eye": [ 6.315898948812293, 	-64.79739711373317, 	-1.2625748980160445 ],
              "target": [ 4.545315900000002, 	-59.16438000000004, 	13.344000000000001 ]
            }
          },
          "dd": [ 0.11238278083249442, 	-0.35753992344104624, 	-0.927111273644176, 	-4.00527980311212 ],
          "ref": [ 
            [ 1.605478100347868, 	-9.66242785333627, 	2.0442310777404757, 	5.800000000000001, 	5.745181933424387, 	0.0548180665756135 ], 	
            [ 1.6394750619008387, 	-8.96379255224159, 	2.013302634745337, 	5.499999999999998, 	5.5278867026140155, 	-0.027886702614017267 ], 	
            [ -0.004967577084323105, 	-11.633368946496132, 	2.904111295124417, 	5.499999999999998, 	5.47168105384982, 	0.02831894615017827 ], 	
            [ 0.7995871290731935, 	-11.074415529242978, 	2.4824245630744075, 	5.700000000000001, 	5.753201510277603, 	-0.053201510277602004 ], 	
            [ -0.0907091269328936, 	-10.066617426905323, 	2.148883893560543, 	5.600000000000001, 	5.602048799834173, 	-0.0020487998341716107 ] ],
          "scale_factor": 0.1737552977254973,
          "thick": 289.26101019372186
        }
      },
      "m": [ 
        [ 1, 	0, 	0, 	0 ], 	
        [ 0, 	1, 	0, 	0 ], 	
        [ 0, 	0, 	1, 	0 ], 	
        [ 0, 	0, 	0, 	1 ] ]
    },
    "cur_kal_05m_20201209": {
      "c": {
        "a": [ 1, 	1, 	1 ],
        "b": [ 1, 	1, 	1 ],
        "s": 1.000000000000002,
        "n": "Y:/focal_plots/cur_kal/cur_kal_05m/cur_kal_05m_20201209/cur_kal_05m_20201209.vis/cur_kal_05m_20201209/cur_kal_05m_20201209-1.xml",
        "ex": [ 2, 	0 ],
        "scaler": {
          "m": {
            "A": {
              "lbl": "A¨s",
              "p": [ 10.7108, 	-76.3303, 	-14.5074 ]
            },
            "B": {
              "lbl": "B¨s",
              "p": [ 7.57871, 	-76.5008, 	-14.3891 ]
            },
            "C": {
              "lbl": "C¨s",
              "p": [ -7.39023, 	71.6137, 	0.613701 ]
            },
            "D": {
              "lbl": "D¨s",
              "p": [ -4.42847, 	70.6361, 	0.340912 ]
            }
          },
          "s": [ {
              "n": "A¨sB¨s",
              "wn": "A<sub>s</sub>B<sub>s</sub>",
              "d": 0.5,
              "w": 1,
              "ab": [ "A", 	"B" ]
            }, 	{
              "n": "C¨sD¨s",
              "wn": "C<sub>s</sub>D<sub>s</sub>",
              "d": 0.49,
              "w": 1,
              "ab": [ "C", 	"D" ]
            } ],
          "scale": 0.15789812600574807
        },
        "ortho": {
          "vecs": {
            "r": [ -0.1218847380567538, 	0.9911551053332083, 	0.052494454952437375 ],
            "u": [ -0.8988908042682102, 	-0.10626597765588783, 	-0.0806752626888845, 	4.0356095573832147e-16 ],
            "n": [ -0.08185338812395906, 	-0.06274617729647429, 	0.9946672509373716 ],
            "c": [ 59.438446944481264, 	-6.105457255265659, 	-358.78423869385074, 	1 ],
            "cc": [ 1.8089700000000002, 	-59.163959999999996, 	-10.997354000000003, 	null ],
            "cam": {
              "up": [ -0.9891633502518504, 	-0.11693790833855537, 	-0.08877720491172601 ],
              "eye": [ -28.162360559676628, 	-82.13901899524578, 	353.20871807586985 ],
              "target": [ 1.8089699999999844, 	-59.16396000000003, 	-10.99735399999986 ]
            }
          },
          "dd": [ 0.08185338812395906, 	0.06274617729647429, 	-0.9946672509373716, 	-4.455585658745514 ],
          "ref": [ 
            [ -0.5882163098279533, 	-9.06306821610313, 	-1.7686011195777838, 	5.600000000000001, 	5.597934889313867, 	0.0020651106861340196 ], 	
            [ 1.146755666873126, 	-8.70159203623817, 	-1.7474269808804128, 	5.800000000000001, 	5.741568250048152, 	0.058431749951848744 ], 	
            [ 1.1780842340539266, 	-8.035246154681312, 	-1.486495590712134, 	5.499999999999998, 	5.526403347699963, 	-0.026403347699964996 ], 	
            [ -0.5017449801021653, 	-10.81349526137765, 	-1.7317476969680419, 	5.499999999999998, 	5.4585233623453036, 	0.04147663765469467 ], 	
            [ 0.19328625400615634, 	-10.09599038699493, 	-1.9480365499707157, 	5.700000000000001, 	5.775570150592715, 	-0.07557015059271421 ] ],
          "scale_factor": 0.15789812600574807,
          "thick": 162.99653352486087,
          "outer_scale": 0.15789812600574807
        }
      },
      "m": [ 
        [ 0.9086239580050448, 	-0.015339474627494628, 	-0.02238084290713865, 	1.4886034101307368 ], 	
        [ 0.023057822878753995, 	0.8317575226934698, 	0.36603477829130115, 	-5.932392145072828 ], 	
        [ 0.014301692738048022, 	-0.3664393846638548, 	0.8317760140950514, 	0.5918641115125143 ], 	
        [ 0, 	0, 	0, 	1 ] ]
    },
    "cur_kal_05m_20191113": {
      "c": {
        "a": [ 1.1, 	1, 	1 ],
        "b": [ 1, 	1.1, 	1.1 ],
        "s": 0.8333333333333354,
        "n": "Y:/focal_plots/cur_kal/cur_kal_05m/cur_kal_05m_20191113/cur_kal_05m_20191113.vis/cur_kal_05m_20191113/cur_kal_05m_20191113-1.xml",
        "ex": [ 1, 	0 ],
        "scaler": {
          "m": {
            "A": {
              "lbl": "A¨s",
              "p": [ -30.1839, 	68.6441, 	-28.0691 ]
            },
            "B": {
              "lbl": "B¨s",
              "p": [ -32.8801, 	68.0492, 	-27.6978 ]
            },
            "C": {
              "lbl": "C¨s",
              "p": [ 21.2884, 	-68.1039, 	15.6979 ]
            },
            "D": {
              "lbl": "D¨s",
              "p": [ 18.5719, 	-68.7117, 	15.4405 ]
            }
          },
          "s": [ {
              "n": "A¨sB¨s",
              "wn": "A<sub>s</sub>B<sub>s</sub>",
              "d": 0.49,
              "w": 1,
              "ab": [ "A", 	"B" ]
            }, 	{
              "n": "C¨sD¨s",
              "wn": "C<sub>s</sub>D<sub>s</sub>",
              "d": 0.5,
              "w": 1,
              "ab": [ "C", 	"D" ]
            } ],
          "scale": 0.17737084950644555
        },
        "ortho": {
          "vecs": {
            "r": [ -0.1993800449922996, 	0.9094069062419147, 	-0.3650022966206903 ],