{
  "scale": 0.1937345919527237,
  "d": {
    "cur_seb_20m_20201210/cur_seb_20m_20201210": {
      "c": {
        "a": [ 1, 	1, 	1 ],
        "b": [ 1, 	1, 	1 ],
        "s": 1,
        "n": "Y:\\focal_plots\\cur_seb\\cur_seb_20m\\cur_seb_20m_20201210\\cur_seb_20m_20201210.vis\\cur_seb_20m_20201210/cur_seb_20m_20201210-1.xml",
        "ex": [ 0, 	0 ],
        "scaler": {
          "m": {
            "A": {
              "lbl": "A¨s",
              "p": [ 1.7972, 	100.269, 	-4.04925 ]
            },
            "B": {
              "lbl": "B¨s",
              "p": [ -0.692291, 	99.6825, 	-3.66721 ]
            },
            "C": {
              "lbl": "C¨s",
              "p": [ 2.12496, 	-39.0268, 	-11.3358 ]
            },
            "D": {
              "lbl": "D¨s",
              "p": [ -0.409891, 	-39.4482, 	-11.5124 ]
            }
          },
          "s": [ {
              "n": "A¨sB¨s",
              "wn": "A<sub>s</sub>B<sub>s</sub>",
              "d": 0.5,
              "w": 1,
              "ab": [ "A", 	"B" ]
            }, 	{
              "n": "C¨sD¨s",
              "wn": "C<sub>s</sub>D<sub>s</sub>",
              "d": 0.5,
              "w": 1,
              "ab": [ "C", 	"D" ]
            } ],
          "scale": 0.1937345919527237
        },
        "ortho": {
          "vecs": {
            "r": [ -0.8698061815344321, 	-0.07462600452544757, 	0.48771730132635066 ],
            "u": [ -0.06027832125414819, 	0.9971633605807902, 	0.04507500750978251 ],
            "n": [ -0.48969759091838727, 	0.009807739994163817, 	-0.8718371853075175 ],
            "c": [ 4.837034392254331, 	-35.17619307333624, 	-151.8569853052315, 	1 ],
            "cc": [ -2.2905478761532496, 	35.5250520706175, 	-8.567000567914025, 	null ],
            "cam": {
              "up": [ -0.06027832125414819, 	0.9971633605807902, 	0.04507500750978251 ],
              "eye": [ -72.27707931999583, 	36.92675327606407, 	-133.1681048310649 ],
              "target": [ -2.290547876153255, 	35.52505207061751, 	-8.567000567914036 ]
            }
          },
          "dd": [ -0.48969759091838727, 	0.009807739994163817, 	-0.8718371853075175, 	-19.118182088931427 ],
          "ref": [ 
            [ 0.001998362046896564, 	-6.545010546141175, 	-1.867816038954707, 	20.70000000000001, 	20.681443212230175, 	0.01855678776983538 ], 	
            [ 0.32436901033600163, 	7.543460857966755, 	-1.9428922210979274, 	20.70000000000001, 	20.727209354150283, 	-0.027209354150272702 ], 	
            [ -0.06955251363638337, 	19.218527097429245, 	-0.7308359953872378, 	20, 	19.977902101283686, 	0.02209789871631429 ], 	
            [ -2.0318482912854257, 	7.312748458746549, 	-2.097353181694431, 	22, 	22.01344533233589, 	-0.01344533233589118 ] ],
          "scale_factor": 0.1937345919527237,
          "thick": 78.92551213394246
        }
      },
      "m": [ 
        [ 1, 	0, 	0, 	0 ], 	
        [ 0, 	1, 	0, 	0 ], 	
        [ 0, 	0, 	1, 	0 ], 	
        [ 0, 	0, 	0, 	1 ] ]
    }
  },
  "use_compact_names": true
}
