{
  "scale": 0.2068260763344913,
  "d": {
    "cur_cas_05m_20201212/cur_cas_05m_20201212": {
      "c": {
        "a": [ 1.3000000000000003, 	1, 	1 ],
        "b": [ 1.2000000000000002, 	1.4000000000000004, 	1.4000000000000004 ],
        "s": 1,
        "n": "Y:\\focal_plots\\cur_cas\\cur_cas_05m\\cur_cas_05m_20201212\\cur_cas_05m_20201212.vis\\cur_cas_05m_20201212/cur_cas_05m_20201212-1.xml",
        "ex": [ 0, 	0 ],
        "scaler": {
          "m": {
            "A": {
              "lbl": "A¨s",
              "p": [ -18.9228, 	-101.426, 	-1.56837 ]
            },
            "B": {
              "lbl": "B¨s",
              "p": [ -20.9702, 	-100.233, 	-1.31035 ]
            },
            "D": {
              "lbl": "D¨s",
              "p": [ -0.310898, 	26.327, 	-7.30126 ]
            },
            "C": {
              "lbl": "C¨s",
              "p": [ 2.02629, 	25.8073, 	-7.50457 ]
            }
          },
          "s": [ {
              "n": "A¨sB¨s",
              "wn": "A<sub>s</sub>B<sub>s</sub>",
              "d": 0.49,
              "w": 1,
              "ab": [ "A", 	"B" ]
            }, 	{
              "n": "C¨sD¨s",
              "wn": "C<sub>s</sub>D<sub>s</sub>",
              "d": 0.5,
              "w": 1,
              "ab": [ "D", 	"C" ]
            } ],
          "scale": 0.2068260763344913
        },
        "ortho": {
          "vecs": {
            "r": [ 0.9874970794880136, 	-0.14949767110134612, 	-0.04999964337790676 ],
            "u": [ -0.14952285618526867, 	-0.9887529035789957, 	0.0032574748356422783 ],
            "n": [ -0.049924277469419354, 	0.004259342599407023, 	-0.9987439233956708 ],
            "c": [ -7.6086395520369425, 	-76.68468150661793, 	-46.059190048982344, 	1 ],
            "cc": [ -4.0624934, 	-76.9503, 	-2.3290021999999997, 	null ],
            "cam": {
              "up": [ -0.14952285618526867, 	-0.9887529035789957, 	0.0032574748356422783 ],
              "eye": [ -6.25207505203581, 	-76.76349352270829, 	-46.1319670218533 ],
              "target": [ -4.062493400000001, 	-76.9503, 	-2.329002200000012 ]
            }
          },
          "dd": [ -0.049924277469419354, 	0.004259342599407023, 	-0.9987439233956708, 	-6.144747646262312 ],
          "ref": [ 
            [ -0.3928682002581296, 	-16.0088760560881, 	-0.8056951168825374, 	6.899999999999997, 	6.900857121642586, 	-0.0008571216425892203 ], 	
            [ 0.5231893109564925, 	-14.236024977571736, 	-0.36159196099482777, 	6.399999999999999, 	6.419129464092201, 	-0.019129464092202397 ], 	
            [ -0.9123904848812115, 	-14.04595181342034, 	-0.3674720263450174, 	6.499999999999998, 	6.49748201441184, 	0.002517985588157856 ], 	
            [ -3.5587115172341575, 	-20.215470257440042, 	-0.06622591646838046, 	6.299999999999999, 	6.302451865491872, 	-0.002451865491873484 ], 	
            [ 0.13963304113317077, 	-15.070320004289808, 	-0.8075069133112277, 	6.9, 	6.880079534361497, 	0.019920465638503693 ] ],
          "scale_factor": 0.2068260763344913,
          "thick": 122.37450694354676
        }
      },
      "m": [ 
        [ 1, 	0, 	0, 	0 ], 	
        [ 0, 	1, 	0, 	0 ], 	
        [ 0, 	0, 	1, 	0 ], 	
        [ 0, 	0, 	0, 	1 ] ]
    },
    "cur_cas_05m_20190401": {
      "c": {
        "a": [ 1, 	1, 	1 ],
        "b": [ 1, 	1, 	1 ],
        "s": 1.9999999999999964,
        "n": "Y:/focal_plots/cur_cas/cur_cas_05m/cur_cas_05m_20190401/cur_cas_05m_20190401.vis/cur_cas_05m_20190401/cur_cas_05m_20190401-1.xml",
        "ex": [ 1, 	0 ],
        "scaler": {
          "m": {
            "A": {
              "lbl": "A¨s",
              "p": [ -15.0676, 	68.676, 	-16.0281 ]
            },
            "B": {
              "lbl": "B¨s",
              "p": [ -18.5821, 	67.7249, 	-15.7697 ]
            },
            "C": {
              "lbl": "C¨s",
              "p": [ -13.5732, 	-128.59, 	-20.1838 ]
            },
            "D": {
              "lbl": "D¨s",
              "p": [ -17.1939, 	-127.842, 	-19.5683 ]
            }
          },
          "s": [ {
              "n": "A¨sB¨s",
              "wn": "A<sub>s</sub>B<sub>s</sub>",
              "d": 0.5,
              "w": 1,
              "ab": [ "A", 	"B" ]
            }, 	{
              "n": "C¨sD¨s",
              "wn": "C<sub>s</sub>D<sub>s</sub>",
              "d": 0.5,
              "w": 1,
              "ab": [ "C", 	"D" ]
            } ],
          "scale": 0.13519318851517237
        },
        "ortho": {
          "vecs": {
            "r": [ 0.977199442550776, 	-0.19999539648837078, 	-0.07129579834683014 ],
            "u": [ -0.1333867803198877, 	-0.6388847969395312, 	-0.036067610680421046, 	0 ],
            "n": [ -0.05864923152575893, 	0.06846894795521223, 	-0.9959278441771495 ],
            "c": [ -19.915150613572422, 	-87.62941063012359, 	-208.11981857747568, 	1 ],
            "cc": [ 0.8682639999999998, 	-88.80210000000001, 	-18.32748, 	null ],
            "cam": {
              "up": [ -0.20406253237645183, 	-0.9774015779347638, 	-0.05517824146113909 ],
              "eye": [ -10.626872790790589, 	-75.3823176398338, 	-213.5274255874431 ],
              "target": [ 0.8682639999999839, 	-88.80210000000004, 	-18.327480000000065 ]
            }
          },
          "dd": [ -0.05864923152575893, 	0.06846894795521223, 	-0.9959278441771495, 	-4.961223553469731 ],
          "ref": [ 
            [ -1.9386027267133141, 	-16.77409486502001, 	-2.384037244233104, 	6.299999999999999, 	6.3007455584034675, 	-0.0007455584034685714 ], 	
            [ 0.6022897106307483, 	-11.966881948478662, 	-2.809909307374749, 	6.9, 	6.905006826295852, 	-0.005006826295852029 ], 	
            [ 0.9906970373710683, 	-10.984365450944646, 	-2.743921512060493, 	6.9, 	6.883779823269022, 	0.016220176730977975 ], 	
            [ 1.1960608984531556, 	-10.140516606870642, 	-2.224333530640131, 	6.399999999999999, 	6.412040695024026, 	-0.012040695024027492 ], 	
            [ -0.26352802657697005, 	-10.16133635790198, 	-2.22655069893178, 	6.499999999999998, 	6.498427097007627, 	0.0015729029923710058 ] ],
          "scale_factor": 0.13519318851517237,
          "thick": 204.91261495518134,
          "outer_scale": 0.13519318851517237
        }
      },
      "m": [ 
        [ 0.6414611037333373, 	0.10132875230375434, 	0.011993401745601939, 	4.542837652709973 ], 	
        [ -0.10193320554865463, 	0.6397995032353381, 	0.04636725782350062, 	-19.518013338806117 ], 	
        [ -0.004580320451997603, 	-0.04767373436242797, 	0.6477576252335084, 	5.2700734134447265 ], 	
        [ 0, 	0, 	0, 	1 ] ]
    }
  },
  "use_compact_names": true
}
