{
  "scale": 0.14064945725508926,
  "d": {
    "cur_sna_20m_20200303/cur_sna_20m_20200303": {
      "c": {
        "a": [ 1, 	1, 	1 ],
        "b": [ 1, 	1, 	1 ],
        "s": 1,
        "n": "D:\\ply\\cur_sna_20m\\cur_sna_20m_20200303\\cur_sna_20m_20200303/cur_sna_20m_20200303-1.xml",
        "scaler": {
          "m": {
            "A": {
              "lbl": "A¨s",
              "p": [ 1.57695, 	21.2123, 	-14.3858 ]
            },
            "B": {
              "lbl": "B¨s",
              "p": [ -1.27702, 	21.2377, 	-12.3559 ]
            },
            "C": {
              "lbl": "C¨s",
              "p": [ 38.9883, 	-149.517, 	48.9936 ]
            },
            "D": {
              "lbl": "D¨s",
              "p": [ 35.6813, 	-150.262, 	50.0023 ]
            }
          },
          "s": [ {
              "n": "A¨sB¨s",
              "wn": "A<sub>s</sub>B<sub>s</sub>",
              "d": 0.4900255032763592,
              "w": 1,
              "ab": [ "A", 	"B" ]
            }, 	{
              "n": "C¨sD¨s",
              "wn": "C<sub>s</sub>D<sub>s</sub>",
              "d": 0.5000449331889564,
              "w": 1,
              "ab": [ "C", 	"D" ]
            } ],
          "scale": 0.14064945725508926
        },
        "ortho": {
          "vecs": {
            "r": [ -0.06998228660903792, 	-0.9535719418815235, 	0.29292154447440477 ],
            "u": [ 0.9586113575815836, 	0.016953313274870277, 	0.28421268494667407 ],
            "n": [ -0.2759832326003951, 	0.3006877729893657, 	0.9129184621301795 ],
            "c": [ -61.97381061715479, 	-20.433447375606953, 	-137.5217207734494, 	1 ],
            "cc": [ 18.694275, 	-62.501934999999996, 	12.569875, 	null ],
            "cam": {
              "up": [ 0.9586113575815836, 	0.016953313274870277, 	0.28421268494667407 ],
              "eye": [ -22.703023299887008, 	-17.398972344319937, 	149.50702710227245 ],
              "target": [ 18.694275000000005, 	-62.50193499999999, 	12.569874999999996 ]
            }
          },
          "dd": [ 0.2759832326003951, 	-0.3006877729893657, 	-0.9129184621301795, 	-8.24503189134046 ],
          "ref": [ 
            [ -1.2512457016327252, 	0.5276731622893458, 	-2.4766681629134157, 	10, 	10.002040280285163, 	-0.0020402802851631208 ], 	
            [ 1.4215299995314616, 	1.3392036527163402, 	-1.9315952562670429, 	10, 	9.998057142744349, 	0.0019428572556510204 ], 	
            [ 6.213358553592275, 	-18.566150306043546, 	6.068095794139218, 	10, 	10.002752378332051, 	-0.0027523783320511086 ], 	
            [ 4.1337156786185245, 	-18.464179449533606, 	5.411952011098501, 	10, 	9.997150198638433, 	0.0028498013615667617 ] ],
          "scale_factor": 0.14064945725508926,
          "thick": 1778.623033433145
        }
      },
      "m": [ 
        [ 1, 	0, 	0, 	0 ], 	
        [ 0, 	1, 	0, 	0 ], 	
        [ 0, 	0, 	1, 	0 ], 	
        [ 0, 	0, 	0, 	1 ] ]
    },
    "cur_sna_20m_20191111": {
      "c": {
        "a": [ 1, 	1, 	1 ],
        "b": [ 1, 	1, 	1 ],
        "s": 33.33333333333331,
        "n": "D:\\ply\\cur_sna_20m\\cur_sna_20m_20191111\\cur_sna_20m_20191111/cur_sna_20m_20191111-1.xml",
        "scaler": {
          "m": {
            "A": {
              "lbl": "A¨s",
              "p": [ 40.5194, 	-79.336, 	2.18345 ]
            },
            "B": {
              "lbl": "B¨s",
              "p": [ 39.0024, 	-79.7655, 	3.26789 ]
            },
            "G": {
              "lbl": "G¨s",
              "p": [ -3.14291, 	10.8625, 	-4.85631 ]
            },
            "H": {
              "lbl": "H¨s",
              "p": [ -4.70134, 	10.6551, 	-4.11902 ]
            }
          },
          "s": [ {
              "n": "A¨sB¨s",
              "wn": "A<sub>s</sub>B<sub>s</sub>",
              "d": 0.4999750216806217,
              "w": 1,
              "ab": [ "A", 	"B" ]
            }, 	{
              "n": "G¨sH¨s",
              "wn": "G<sub>s</sub>H<sub>s</sub>",
              "d": 0.4537004240203457,
              "w": 1,
              "ab": [ "G", 	"H" ]
            } ],
          "scale": 0.26127798284151527
        },
        "ortho": {
          "vecs": {
            "r": [ 0.3847686259454823, 	-0.9159369024706342, 	0.11407320097431142 ],
            "u": [ 1.657408165318677, 	0.6267924775635773, 	-0.5576796431208992, 	3.299855832102282e-15 ],
            "n": [ 0.23648064421694812, 	0.21728672441453573, 	0.9470287135583266 ],
            "c": [ -36.87691417215637, 	-4.242435661800679, 	5.107747547857111, 	1 ],
            "cc": [ 16.43052, 	-33.763872500000005, 	-3.2488895, 	null ],
            "cam": {
              "up": [ 0.8922051386305523, 	0.3374108327924605, 	-0.30020646314750715 ],
              "eye": [ 16.766319062283376, 	-33.455328523613986, 	-1.9041225529150267 ],
              "target": [ 16.430520000000005, 	-33.76387250000001, 	-3.248889500000001 ]
            }
          },
          "dd": [ -0.23648064421694812, 	-0.21728672441453573, 	-0.9470287135583266, 	-8.294447102731269 ],
          "ref": [ 
            [ -2.0257247798878657, 	0.2458024879178123, 	-1.3593248335312673, 	10, 	10.007401834639785, 	-0.00740183463978461 ], 	
            [ 0.34899422724106877, 	1.1606333786996086, 	-2.1469185722289024, 	10, 	9.992920031513908, 	0.00707996848609227 ], 	
            [ 10.47797869029672, 	-18.324600687598252, 	-0.2230472658361791, 	10, 	10.009532576798557, 	-0.009532576798557457 ], 	
            [ 8.370484352898773, 	-18.368861177891606, 	0.33383749145643243, 	10, 	9.990145557047757, 	0.009854442952242692 ] ],
          "scale_factor": 0.26127798284151527,
          "thick": 137.3706141785143,
          "outer_scale": 0.26127798284151527
        }
      },
      "m": [ 
        [ -0.7147668566214784, 	1.701493563914721, 	-0.21190850237542888, 	0 ], 	
        [ 1.657408165318677, 	0.6267924775635773, 	-0.5576796431208992, 	3.299855832102282e-15 ], 	
        [ -0.43929914062878855, 	-0.40364348474025746, 	-1.7592513814166277, 	58.972478561989924 ], 	
        [ 0, 	0, 	0, 	1 ] ]
    },
    "cur_sna_20m_20190310": {
      "c": {
        "a": [ 2.66230877367072, 	0.930769866865128, 	0.930769866865128 ],
        "b": [ 1.3, 	1.5, 	1.2999999999999998 ],
        "s": 28.57142857142855,
        "n": "D:\\ply\\cur_sna_20m\\cur_sna_20m_20190310\\cur_sna_20m_20190310/cur_sna_20m_20190310-1.xml",
        "scaler": {
          "m": {
            "A": {
              "lbl": "A¨s",
              "p": [ 269.43, 	-19.0044, 	44.2404 ]
            },
            "B": {
              "lbl": "B¨s",
              "p": [ 265.79, 	-16.623, 	50.3203 ]
            },
            "C": {
              "lbl": "C¨s",
              "p": [ -111.485, 	19.9943, 	-36.9379 ]
            },
            "D": {
              "lbl": "D¨s",
              "p": [ -107.426, 	21.5065, 	-30.8875 ]
            }
          },
          "s": [ {
              "n": "A¨sB¨s",
              "wn": "A<sub>s</sub>B<sub>s</sub>",
              "d": 0.49998391319482727,
              "w": 1,
              "ab": [ "A", 	"B" ]
            }, 	{
              "n": "C¨sD¨s",
              "wn": "C<sub>s</sub>D<sub>s</sub>",
              "d": 0.4999690999445827,
              "w": 1,
              "ab": [ "C", 	"D" ]
            } ],
          "scale": 0.06703590842260926
        },
        "ortho": {
          "vecs": {
            "r": [ -0.9737313631863327, 	0.16620759064018073, 	-0.15563505119629253 ],
            "u": [ -0.03531147061425714, 	-0.41827043938222447, 	-0.22575785646178104, 	0 ],
            "n": [ -0.2153096343322597, 	-0.44969408849160336, 	0.8668431162208158 ],
            "c": [ 81.0255294310857, 	10.31239897266443, 	18.821425013914872, 	1 ],
            "cc": [ 84.14417499999999, 	4.94619, 	-0.553850000000004, 	null ],
            "cam": {
              "up": [ -0.07408774332502716, 	-0.8775820551887398, 	-0.47366733336774747 ],
              "eye": [ 83.7135557313355, 	4.0468018230168035, 	1.1798362324416125 ],