{
  "scale": 0.19127253506351,
  "d": {
    "cur_sna_10m_20200303/cur_sna_10m_20200303": {
      "c": {
        "a": [ 2.824617547341439, 	1.6615397337302582, 	1.6615397337302582, 	0 ],
        "b": [ 1.1000000000000008, 	1.4999999999999996, 	1.5000000000000004, 	0 ],
        "s": 1,
        "n": "Y:\\focal_plots\\cur_sna\\cur_sna_10m\\cur_sna_10m_20200303\\cur_sna_10m_20200303.vis\\cur_sna_10m_20200303/cur_sna_10m_20200303-1.xml",
        "ex": [ 0, 	0 ],
        "scaler": {
          "m": {
            "B": {
              "lbl": "B¨s",
              "p": [ -4.83371, 	95.2893, 	-7.06901 ]
            },
            "C": {
              "lbl": "C¨s",
              "p": [ -2.29697, 	94.7367, 	-7.30552 ]
            },
            "F": {
              "lbl": "F¨s",
              "p": [ -2.55627, 	-37.6916, 	-6.75347 ]
            },
            "G": {
              "lbl": "G¨s",
              "p": [ -0.0215519, 	-37.9768, 	-7.05756 ]
            }
          },
          "s": [ {
              "n": "B¨sC¨s",
              "wn": "B<sub>s</sub>C<sub>s</sub>",
              "d": 0.5,
              "w": 1,
              "ab": [ "B", 	"C" ]
            }, 	{
              "n": "F¨sG¨s",
              "wn": "F<sub>s</sub>G<sub>s</sub>",
              "d": 0.49,
              "w": 1,
              "ab": [ "F", 	"G" ]
            } ],
          "scale": 0.19127253506351
        },
        "ortho": {
          "vecs": {
            "r": [ 0.4466916918312033, 	0.8934022168081083, 	0.04794800779318181 ],
            "u": [ -0.894600051518658, 	0.44675715342989164, 	0.009939501095880503 ],
            "n": [ -0.0125411431612899, 	-0.04733418280247442, 	0.9988003778867076 ],
            "c": [ -34.84062579903045, 	-22.31732382588715, 	-85.49673461481233, 	1 ],
            "cc": [ -4.306371916666667, 	41.45827666666666, 	-5.728495, 	null ],
            "cam": {
              "up": [ -0.894600051518658, 	0.44675715342989164, 	0.009939501095880503 ],
              "eye": [ -5.474287750397609, 	37.050198323189846, 	87.28653250330989 ],
              "target": [ -4.306371916666675, 	41.45827666666666, 	-5.728494999999967 ]
            }
          },
          "dd": [ 0.0125411431612899, 	0.04733418280247442, 	-0.9988003778867076, 	-9.182255351492676 ],
          "ref": [ 
            [ -0.7740493457964148, 	17.04479290810054, 	-1.089838388460919, 	11.1, 	11.067880225405696, 	0.03211977459430315 ], 	
            [ -0.5805542238754667, 	16.511945879920617, 	-1.198947893362548, 	11.1, 	11.154063611519874, 	-0.054063611519874044 ], 	
            [ -0.9800058733767505, 	16.072841521175313, 	-0.789930704382738, 	10.8, 	10.719742862296059, 	0.08025713770394205 ], 	
            [ -1.0084787029463045, 	16.34731760899145, 	-0.7086762187624084, 	10.700000000000001, 	10.651220870837243, 	0.048779129162758395 ], 	
            [ -1.19732781499056, 	12.042710080133652, 	-1.183919610282608, 	10.9, 	10.919770686461886, 	-0.019770686461885845 ], 	
            [ -2.0182312809761322, 	11.581360725560467, 	-1.1499075280976143, 	10.9, 	10.853666743349105, 	0.04633325665089494 ], 	
            [ -2.027584507940738, 	11.321670004704739, 	-1.0311024183936164, 	10.700000000000001, 	10.722594606670407, 	-0.022594606670406137 ], 	
            [ -1.252737555673108, 	11.025331466130844, 	-1.1509097961813473, 	10.700000000000001, 	10.837948784878611, 	-0.13794878487860984 ], 	
            [ 0.021843706049322967, 	-1.7887597079350883, 	-1.152074645919884, 	10.299999999999999, 	10.248552409230788, 	0.051447590769210905 ], 	
            [ 0.35431324395164593, 	-1.4101357247768704, 	-1.645892513320101, 	10.700000000000001, 	10.763869286701146, 	-0.063869286701145 ], 	
            [ -0.25369241415613586, 	-6.832082807187019, 	-0.9400853825836454, 	9.8, 	9.794640337461091, 	0.005359662538909404 ], 	
            [ -0.16778331139503563, 	-6.759035826046266, 	-1.1071600292362707, 	10, 	9.966049575188093, 	0.033950424811907354 ] ],
          "scale_factor": 0.19127253506351,
          "thick": 23.902589052198277
        }
      },
      "m": [ 
        [ 1, 	0, 	0, 	0 ], 	
        [ 0, 	1, 	0, 	0 ], 	
        [ 0, 	0, 	1, 	0 ], 	
        [ 0, 	0, 	0, 	1 ] ]
    },
    "cur_sna_10m_20190305": {
      "c": {
        "a": [ 1.4000000000000004, 	1, 	1 ],
        "b": [ 1.5792596576140545, 	1.59718562337546, 	1.1688894864210817 ],
        "s": 0.2099602667077584,
        "n": "Y:/focal_plots/cur_sna/cur_sna_10m/cur_sna_10m_20190305/cur_sna_10m_20190305.vis/cur_sna_10m_20190305/cur_sna_10m_20190305-1.xml",
        "ex": [ 2, 	0 ],
        "scaler": {
          "m": {
            "A": {
              "lbl": "A¨s",
              "p": [ -7.93599, 	-89.7289, 	18.856 ]
            },
            "B": {
              "lbl": "B¨s",
              "p": [ -9.92624, 	-87.9504, 	18.2666 ]
            },
            "C": {
              "lbl": "C¨s",
              "p": [ 0.766394, 	41.5189, 	-20.4531 ]
            },
            "D": {
              "lbl": "D¨s",
              "p": [ 3.34707, 	40.9692, 	-20.4508 ]
            }
          },
          "s": [ {
              "n": "A¨sB¨s",
              "wn": "A<sub>s</sub>B<sub>s</sub>",
              "d": 0.5,
              "w": 1,
              "ab": [ "A", 	"B" ]
            }, 	{
              "n": "C¨sD¨s",
              "wn": "C<sub>s</sub>D<sub>s</sub>",
              "d": 0.5,
              "w": 1,
              "ab": [ "C", 	"D" ]
            } ],
          "scale": 0.18620893789441595
        },
        "ortho": {
          "vecs": {
            "r": [ 0.030654557181090614, 	0.9691974731511134, 	-0.24436971203798583 ],
            "u": [ -0.956880631542669, 	-0.014778876498097109, 	-0.17864898816218602, 	0 ],
            "n": [ -0.18156424531939924, 	0.2458166035219036, 	0.9521599772383591 ],
            "c": [ 21.259071124670758, 	-1.6327237254619735, 	-61.580633336360485, 	1 ],
            "cc": [ -1.11184, 	-22.178749999999994, 	-1.1073397499999997, 	null ],
            "cam": {
              "up": [ -0.9829011765918425, 	-0.015180759877296595, 	-0.18350700690687427 ],
              "eye": [ -13.437334700221014, 	-5.491481872921055, 	63.53007128083822 ],
              "target": [ -1.1118400000000062, 	-22.178749999999987, 	-1.107339749999987 ]
            }
          },
          "dd": [ 0.18156424531939924, 	-0.2458166035219036, 	-0.9521599772383591, 	-9.12606452165031 ],
          "ref": [ 
            [ -1.644686719773671, 	-16.478355129134655, 	3.408312536538021, 	9.599999999999998, 	9.63284272084813, 	-0.03284272084813189 ], 	
            [ 1.556216991290655, 	-3.8548415696088303, 	-0.2426563153277292, 	10.599999999999998, 	10.587249578662705, 	0.01275042133729265 ], 	
            [ -1.1195682044645232, 	-3.868937586207438, 	-0.17900618996772205, 	10.1, 	10.04428259196805, 	0.055717408031949134 ], 	
            [ 0.37989975091342953, 	7.682608359647814, 	-3.811436266185642, 	10.899999999999997, 	10.935625108521103, 	-0.03562510852110634 ] ],
          "scale_factor": 0.18620893789441595,
          "thick": 22.981245987601717,
          "outer_scale": 0.18620893789441595
        }
      },
      "m": [ 
        [ 0.9641243009470565, 	-0.08036791643929773, 	0.07217281564855299, 	-1.125117940109502 ], 	
        [ 0.09763419088397782, 	0.9256850043464823, 	-0.27345643617697063, 	50.55738833463756 ], 	
        [ -0.04621127656607983, 	0.27901945402316214, 	0.9280173743970916, 	0.3862645314572667 ], 	
        [ 0, 	0, 	0, 	1 ] ]
    },
    "cur_sna_10m_20191111": {
      "c": {
        "a": [ 1.7000000000000006, 	1, 	1 ],
        "b": [ 1.8001304915180518, 	1.2000869943453676, 	1.2000869943453676 ],
        "s": 0.0322801317639032,
        "n": "Y:/focal_plots/cur_sna/cur_sna_10m/cur_sna_10m_20191111/cur_sna_10m_20191111.vis/cur_sna_10m_20191111/cur_sna_10m_20191111-1.xml",
        "ex": [ 2, 	0 ],
        "scaler": {
          "m": {
            "B": {
              "lbl": "B¨s",
              "p": [ 9.4605, 	91.0678, 	-26.6168 ]
            },