{
  "scale": 0.21249641478078696,
  "d": {
    "cur_seb_10m_20201210/cur_seb_10m_20201210": {
      "c": {
        "a": [ 1, 	1, 	1 ],
        "b": [ 1, 	1, 	1 ],
        "s": 1,
        "n": "Y:\\focal_plots\\cur_seb\\cur_seb_10m\\cur_seb_10m_20201210\\cur_seb_10m_20201210.vis\\cur_seb_10m_20201210/cur_seb_10m_20201210-1.xml",
        "ex": [ 0, 	0 ],
        "scaler": {
          "m": {
            "A": {
              "lbl": "A¨s",
              "p": [ -4.56673, 	35.8554, 	-9.0147 ]
            },
            "B": {
              "lbl": "B¨s",
              "p": [ -5.7092, 	33.8425, 	-9.21912 ]
            },
            "D": {
              "lbl": "D¨s",
              "p": [ 4.75802, 	-68.8258, 	5.80519 ]
            },
            "C": {
              "lbl": "C¨s",
              "p": [ 2.4545, 	-69.1683, 	5.63188 ]
            }
          },
          "s": [ {
              "n": "A¨sB¨s",
              "wn": "A<sub>s</sub>B<sub>s</sub>",
              "d": 0.49,
              "w": 1,
              "ab": [ "A", 	"B" ]
            }, 	{
              "n": "C¨sD¨s",
              "wn": "C<sub>s</sub>D<sub>s</sub>",
              "d": 0.5,
              "w": 1,
              "ab": [ "D", 	"C" ]
            } ],
          "scale": 0.21249641478078696
        },
        "ortho": {
          "vecs": {
            "r": [ 0.8341883209446723, 	0.5319601642232386, 	0.14542430635589604 ],
            "u": [ 0.5133122896353003, 	-0.8453679097166976, 	0.14786341850027385 ],
            "n": [ 0.2015944902740996, 	-0.0486978531437125, 	-0.9782577270792803 ],
            "c": [ 0.8772357554100267, 	-4.845170368689203, 	-335.871143705922, 	1 ],
            "cc": [ 3.6487062871455, 	-5.019982337951499, 	-8.599066615104748, 	null ],
            "cam": {
              "up": [ 0.5133122896353003, 	-0.8453679097166976, 	0.14786341850027385 ],
              "eye": [ 69.46507768692105, 	-20.918809654712234, 	-327.9796895805841 ],
              "target": [ 3.648706287145515, 	-5.019982337951509, 	-8.599066615104846 ]
            }
          },
          "dd": [ 0.2015944902740996, 	-0.0486978531437125, 	-0.9782577270792803, 	-11.179207150979629 ],
          "ref": [ 
            [ 0.7164659139268603, 	-3.919754484906124, 	-1.4552227782858842, 	12.8, 	12.938109287441792, 	-0.1381092874417913 ], 	
            [ 3.0133023764982645, 	-4.204606713589767, 	-2.214499411336005, 	14.2, 	14.157778788628955, 	0.04222121137104473 ], 	
            [ -0.3422263579476648, 	8.076248282683023, 	-2.534896460957488, 	13.2, 	13.196702300246132, 	0.003297699753867178 ], 	
            [ -0.28619391405131867, 	-4.218800080497399, 	-1.104464654104289, 	12.499999999999998, 	12.407409623683114, 	0.09259037631688471 ] ],
          "scale_factor": 0.21249641478078696,
          "thick": 119.14904375346852
        }
      },
      "m": [ 
        [ 1, 	0, 	0, 	0 ], 	
        [ 0, 	1, 	0, 	0 ], 	
        [ 0, 	0, 	1, 	0 ], 	
        [ 0, 	0, 	0, 	1 ] ]
    }
  },
  "use_compact_names": true
}
