{
  "scale": 0.22339694324265202,
  "d": {
    "cur_sna_05m_20200303/cur_sna_05m_20200303": {
      "c": {
        "a": [ 1, 	1, 	1 ],
        "b": [ 1, 	1, 	1 ],
        "s": 1,
        "n": "Y:\\focal_plots\\cur_sna\\cur_sna_05m\\cur_sna_05m_20200303\\cur_sna_05m_20200303.vis\\cur_sna_05m_20200303/cur_sna_05m_20200303-1.xml",
        "ex": [ 0, 	0 ],
        "scaler": {
          "m": {
            "B": {
              "lbl": "B¨s",
              "p": [ -20.8905, 	-29.4391, 	-1.06393 ]
            },
            "C": {
              "lbl": "C¨s",
              "p": [ -19.5616, 	-31.0879, 	-0.49252 ]
            }
          },
          "s": [ {
              "n": "B¨sC¨s",
              "wn": "B<sub>s</sub>C<sub>s</sub>",
              "d": 0.49,
              "w": 1,
              "ab": [ "B", 	"C" ]
            } ],
          "scale": 0.22339694324265202
        },
        "ortho": {
          "vecs": {
            "r": [ 0.9773721808915703, 	0.2105091254384042, 	0.020725060347650686 ],
            "u": [ -0.20081856636346382, 	0.954208378234162, 	-0.22171665321182754 ],
            "n": [ -0.06644940498588867, 	0.21253771198281238, 	0.9748908644366983 ],
            "c": [ 0.9670101033598186, 	8.256105444058178, 	-226.29239802284764, 	1 ],
            "cc": [ 1.0700693, 	-9.224169999999997, 	-3.4303451000000003, 	null ],
            "cam": {
              "up": [ -0.20081856636346382, 	0.954208378234162, 	-0.22171665321182754 ],
              "eye": [ -14.32414471609173, 	40.014059077426566, 	222.42086624881892 ],
              "target": [ 1.070069299999993, 	-9.22416999999998, 	-3.4303450999998972 ]
            }
          },
          "dd": [ 0.06644940498588867, 	-0.21253771198281238, 	-0.9748908644366983, 	-4.739062365161971 ],
          "ref": [ 
            [ -2.734669001316276, 	-6.565256387098031, 	-0.03878975163688113, 	6, 	5.990525582790076, 	0.009474417209924368 ], 	
            [ -2.914592899403908, 	-6.406354141369532, 	-0.12329523034199533, 	6.1, 	6.02718064626781, 	0.07281935373218928 ], 	
            [ -2.2843677828220623, 	-6.571444482425852, 	-0.1095614564622668, 	6, 	6.090757722940822, 	-0.09075772294082185 ], 	
            [ -1.4941368396120998, 	-6.509831605479529, 	-0.2718361024459563, 	6.299999999999999, 	6.28837310892291, 	0.011626891077089141 ], 	
            [ -0.43158055465047945, 	-6.05253806266182, 	-0.269624472707854, 	6.299999999999999, 	6.259631120900443, 	0.04036887909955578 ], 	
            [ 0.7799412800042061, 	-4.952151739331489, 	-0.31080323125577203, 	6.1, 	6.146407230000061, 	-0.046407230000061084 ], 	
            [ -0.14890009438869511, 	-4.800353516398107, 	-0.4777321291549789, 	6.199999999999999, 	6.215160883932484, 	-0.015160883932484381 ], 	
            [ 3.8565014311979025, 	6.382048553944732, 	-1.9264099247866315, 	5.599999999999998, 	5.516938030008345, 	0.08306196999165305 ], 	
            [ 4.087382172039183, 	6.80225820418416, 	-1.9400259684772712, 	5.499999999999998, 	5.456243676848739, 	0.04375632315125966 ], 	
            [ 3.674924395730274, 	8.067109357129732, 	-2.1952078288044876, 	5.299999999999999, 	5.408781997388299, 	-0.10878199738830041 ] ],
          "scale_factor": 0.22339694324265202,
          "thick": 113.40842469516333
        }
      },
      "m": [ 
        [ 1, 	0, 	0, 	0 ], 	
        [ 0, 	1, 	0, 	0 ], 	
        [ 0, 	0, 	1, 	0 ], 	
        [ 0, 	0, 	0, 	1 ] ]
    },
    "cur_sna_05m_20201202": {
      "c": {
        "a": [ 1, 	1, 	1 ],
        "b": [ 1, 	1, 	1 ],
        "s": 0.7500000000000006,
        "n": "Y:/focal_plots/cur_sna/cur_sna_05m/cur_sna_05m_20201202/cur_sna_05m_20201202.vis/cur_sna_05m_20201202/cur_sna_05m_20201202-1.xml",
        "ex": [ 2, 	0 ],
        "scaler": {
          "m": {
            "A": {
              "lbl": "A¨s",
              "p": [ 4.67639, 	18.7197, 	-9.3437 ]
            },
            "B": {
              "lbl": "B¨s",
              "p": [ 2.43559, 	18.5781, 	-9.45103 ]
            },
            "C": {
              "lbl": "C¨s",
              "p": [ 62.5686, 	-81.5828, 	0.0174526 ]
            },
            "D": {
              "lbl": "D¨s",
              "p": [ 60.6632, 	-82.7469, 	-0.00915253 ]
            }
          },
          "s": [ {
              "n": "A¨sB¨s",
              "wn": "A<sub>s</sub>B<sub>s</sub>",
              "d": 0.5,
              "w": 1,
              "ab": [ "A", 	"B" ]
            }, 	{
              "n": "C¨sD¨s",
              "wn": "C<sub>s</sub>D<sub>s</sub>",
              "d": 0.49,
              "w": 1,
              "ab": [ "C", 	"D" ]
            } ],
          "scale": 0.22093501088023856
        },
        "ortho": {
          "vecs": {
            "r": [ 0.5560823550702375, 	-0.8296947005377987, 	0.04877620607459069 ],
            "u": [ -0.8213318633862585, 	-0.5462987878526425, 	0.07107866670061819, 	-4.391951518488261e-16 ],
            "n": [ -0.032687440771867526, 	-0.08047390232149224, 	-0.9962205991952469 ],
            "c": [ -15.332803761909862, 	5.4115270037146495, 	-248.82993780741208, 	1 ],
            "cc": [ 12.784263272533448, 	-10.313861866776469, 	-6.8405484213256855, 	null ],
            "cam": {
              "up": [ -0.8304841633621463, 	-0.5523863276228363, 	0.07187071350718932 ],
              "eye": [ 4.886875247596995, 	-29.756608607005557, 	-247.5305640511443 ],
              "target": [ 12.784263272533453, 	-10.313861866776463, 	-6.840548421325707 ]
            }
          },
          "dd": [ -0.032687440771867526, 	-0.08047390232149224, 	-0.9962205991952469, 	-4.343345292299928 ],
          "ref": [ 
            [ 0.07840013712274868, 	2.406877608831022, 	-1.8570086433631692, 	6, 	5.997082022270376, 	0.0029179777296244325 ], 	
            [ 0.3035223439160058, 	2.522120420101706, 	-1.903685656536589, 	6.1, 	6.026949916764206, 	0.07305008323579365 ], 	
            [ -0.1338206688487423, 	2.036360946769396, 	-1.9104986425069073, 	6, 	6.087123737965287, 	-0.08712373796528716 ], 	
            [ -0.41301278057026275, 	1.286919953381674, 	-2.0453110633009306, 	6.299999999999999, 	6.290863165501146, 	0.009136834498852942 ], 	
            [ -0.49578468684586297, 	0.09187335153041856, 	-1.9165870310208495, 	6.299999999999999, 	6.261501298223223, 	0.038498701776775945 ], 	
            [ -0.003357058104275723, 	-1.4028047676909088, 	-1.7027715746770902, 	6.1, 	6.152680318206605, 	-0.05268031820660557 ], 	
            [ 0.539518877869325, 	-0.7398384428843284, 	-1.8208867072219888, 	6.199999999999999, 	6.199252334055978, 	0.000747665944021314 ], 	
            [ 8.807971891760294, 	-9.333885591659614, 	-0.7207629140449286, 	5.599999999999998, 	5.52460829225849, 	0.07539170774150783 ], 	
            [ 9.083499943829041, 	-9.73395470936155, 	-0.6383342708356204, 	5.499999999999998, 	5.465679996146467, 	0.034320003853530956 ], 	
            [ 10.477975452001843, 	-9.920600606553176, 	-0.597319895415813, 	5.3, 	5.394258918608216, 	-0.09425891860821611 ] ],
          "scale_factor": 0.22093501088023856,
          "thick": 114.65544738878738,
          "outer_scale": 0.22093501088023856
        }
      },
      "m": [ 
        [ -0.44256458634893453, 	-0.8787721654189339, 	0.0318262037557413, 	-2.1097473134694607 ], 	
        [ 0.861229915936934, 	-0.42596641340471214, 	0.21436530875411036, 	-23.08995488280792 ], 	
        [ -0.17758507216510572, 	0.12421326413412997, 	0.9602871686158135, 	6.706560122500927 ], 	
        [ 0, 	0, 	0, 	1 ] ]
    },
    "cur_sna_05m_20191110": {
      "c": {
        "a": [ 1, 	1, 	1 ],
        "b": [ 1, 	1, 	1 ],
        "s": 1.125,
        "n": "Y:/focal_plots/cur_sna/cur_sna_05m/cur_sna_05m_20191110/cur_sna_05m_20191110.vis/cur_sna_05m_20191110/cur_sna_05m_20191110-1.xml",
        "ex": [ 2, 	0 ],
        "scaler": {
          "m": {
            "A": {
              "lbl": "A¨s",
              "p": [ -246.615, 	132.664, 	-23.47 ]
            },
            "B": {
              "lbl": "B¨s",