{
  "scale": 0.10383552972538619,
  "d": {
    "cur_cas_10m_20201212/cur_cas_10m_20201212": {
      "c": {
        "a": [ 1.6000000000000005, 	1, 	1 ],
        "b": [ 1.2000000000000002, 	1.4000000000000004, 	1.4000000000000004 ],
        "s": 1,
        "n": "Y:\\focal_plots\\cur_cas\\cur_cas_10m\\cur_cas_10m_20201212\\cur_cas_10m_20201212.vis\\cur_cas_10m_20201212/cur_cas_10m_20201212-1.xml",
        "ex": [ 0, 	0 ],
        "scaler": {
          "m": {
            "A": {
              "lbl": "A¨s",
              "p": [ -24.1842, 	-172.572, 	-53.4091 ]
            },
            "B": {
              "lbl": "B¨s",
              "p": [ -28.3412, 	-170.209, 	-53.5506 ]
            },
            "C": {
              "lbl": "C¨s",
              "p": [ 9.54974, 	74.5686, 	1.91008 ]
            },
            "D": {
              "lbl": "D¨s",
              "p": [ 4.8601, 	75.195, 	1.4853 ]
            }
          },
          "s": [ {
              "n": "A¨sB¨s",
              "wn": "A<sub>s</sub>B<sub>s</sub>",
              "d": 0.5,
              "w": 1,
              "ab": [ "A", 	"B" ]
            }, 	{
              "n": "C¨sD¨s",
              "wn": "C<sub>s</sub>D<sub>s</sub>",
              "d": 0.49,
              "w": 1,
              "ab": [ "C", 	"D" ]
            } ],
          "scale": 0.1038355297253862
        },
        "ortho": {
          "vecs": {
            "r": [ -0.09628317628032282, 	-0.9748454996750004, 	-0.20101194424404437 ],
            "u": [ 0.9728061136060092, 	-0.13490465851176925, 	0.18827904408774557 ],
            "n": [ -0.21066042650707942, 	-0.17741754387664554, 	0.9613247109216709 ],
            "c": [ -55.96851659972155, 	7.443375852234539, 	-128.43502415308112, 	1 ],
            "cc": [ -9.497747123244, 	-50.91871547698975, 	-26.9444819688795, 	null ],
            "cam": {
              "up": [ 0.9728061136060092, 	-0.13490465851176925, 	0.18827904408774557 ],
              "eye": [ -39.685965051375376, 	-76.34313698618097, 	110.8159904377689 ],
              "target": [ -9.497747123244007, 	-50.91871547698975, 	-26.944481968879472 ]
            }
          },
          "dd": [ 0.21066042650707942, 	0.17741754387664554, 	-0.9613247109216709, 	-8.356202060532585 ],
          "ref": [ 
            [ 0.7691971652162921, 	7.690047987126241, 	0.1192347031175104, 	9.799999999999997, 	9.767967623088293, 	0.032032376911704574 ], 	
            [ -2.6660333928368476, 	-17.90031464548546, 	-5.666510798004086, 	10.1, 	10.066101324720087, 	0.03389867527991264 ], 	
            [ 0.1535349550704151, 	-5.67057400320401, 	-3.06977866145181, 	10.299999999999999, 	10.333540571945926, 	-0.03354057194592741 ], 	
            [ -2.2015131424090737, 	-5.267846516394577, 	-2.574123477320493, 	9.399999999999999, 	9.43239048024569, 	-0.03239048024569158 ] ],
          "scale_factor": 0.10383552972538619,
          "thick": 51.2517565871963
        }
      },
      "m": [ 
        [ 1, 	0, 	0, 	0 ], 	
        [ 0, 	1, 	0, 	0 ], 	
        [ 0, 	0, 	1, 	0 ], 	
        [ 0, 	0, 	0, 	1 ] ]
    }
  },
  "use_compact_names": true
}
