{
  "scale": 0.10214017812800297,
  "d": {
    "cur_cas_20m_20201212/cur_cas_20m_20201212": {
      "c": {
        "a": [ 1, 	1, 	1 ],
        "b": [ 1, 	1, 	1 ],
        "s": 1,
        "n": "Y:\\focal_plots\\cur_cas\\cur_cas_20m\\cur_cas_20m_20201212\\cur_cas_20m_20201212.vis\\cur_cas_20m_20201212/cur_cas_20m_20201212-1.xml",
        "ex": [ 0, 	0 ],
        "scaler": {
          "m": {
            "A": {
              "lbl": "A¨s",
              "p": [ -29.3278, 	149.707, 	-16.0285 ]
            },
            "B": {
              "lbl": "B¨s",
              "p": [ -32.4452, 	148.108, 	-19.3646 ]
            },
            "C": {
              "lbl": "C¨s",
              "p": [ -2.52337, 	-99.4838, 	-17.9798 ]
            },
            "D": {
              "lbl": "D¨s",
              "p": [ 2.13035, 	-98.6748, 	-16.8593 ]
            }
          },
          "s": [ {
              "n": "A¨sB¨s",
              "wn": "A<sub>s</sub>B<sub>s</sub>",
              "d": 0.49,
              "w": 1,
              "ab": [ "A", 	"B" ]
            }, 	{
              "n": "C¨sD¨s",
              "wn": "C<sub>s</sub>D<sub>s</sub>",
              "d": 0.5,
              "w": 1,
              "ab": [ "C", 	"D" ]
            } ],
          "scale": 0.10214017812800297
        },
        "ortho": {
          "vecs": {
            "r": [ 0.6335230099893808, 	0.6150449569675679, 	0.46943401743243696 ],
            "u": [ 0.5658384582777277, 	-0.7820951357114674, 	0.26106328319077354 ],
            "n": [ 0.5277077173472823, 	0.10023422372236114, 	-0.8434913546960019 ],
            "c": [ -2.3493425123458387, 	33.26729782542988, 	-47.51835419071017, 	1 ],
            "cc": [ -9.27247440814975, 	28.994666099548247, 	-20.47008609771725, 	null ],
            "cam": {
              "up": [ 0.5658384582777277, 	-0.7820951357114674, 	0.26106328319077354 ],
              "eye": [ 7.740248249389431, 	32.22610841681125, 	-47.66332964854325 ],
              "target": [ -9.272474408149751, 	28.99466609954826, 	-20.470086097717253 ]
            }
          },
          "dd": [ 0.5277077173472823, 	0.10023422372236114, 	-0.8434913546960019, 	-18.88935505222031 ],
          "ref": [ 
            [ -2.4913204479643065, 	16.226824134747975, 	-2.342792800480407, 	21.200000000000003, 	21.177274619119455, 	0.022725380880547874 ], 	
            [ -1.674929976058365, 	3.279695855830778, 	-1.793767133912385, 	19.80000000000001, 	19.847246415785577, 	-0.04724641578556543 ], 	
            [ 1.031150128187185, 	3.3495778572033115, 	-2.047048818262284, 	21.500000000000007, 	21.495911249767612, 	0.0040887502323947444 ], 	
            [ -0.6532684551075714, 	-11.010016407102755, 	-2.1796642086105122, 	19.300000000000004, 	19.279567715327374, 	0.02043228467262992 ] ],
          "scale_factor": 0.10214017812800297,
          "thick": 1577.765118690447
        }
      },
      "m": [ 
        [ 1, 	0, 	0, 	0 ], 	
        [ 0, 	1, 	0, 	0 ], 	
        [ 0, 	0, 	1, 	0 ], 	
        [ 0, 	0, 	0, 	1 ] ]
    }
  },
  "use_compact_names": true
}
