,SB,WP
SB,0,0.0613075138501915
WP,0.0613075138501915,0
