,CA,SB,WP
CA,0,0.118071296105502,0.0602221259102675
SB,0.118071296105502,0,0.161881500131904
WP,0.0602221259102675,0.161881500131904,0
