taxa,Neighbourhood,Neighbourhood.low,Neighbourhood.high,D,sigma2,sigma
AA2,155.226957334319,174.019270894059,138.859959730612,1.16883121615227,10.5683084176172,3.25089347989398
