taxa,Neighbourhood,Neighbourhood.low,Neighbourhood.high,D,sigma2,sigma
AH1,34.3790287924366,45.2882141951379,26.9639168864226,0.380357114073361,7.19270413062334,2.68192172343328
